sitecode;namn;omradestyp;areal_ha;dokument_id;dokument_typ;dokument_namn;mime;url;lokal_fil;status;storlek_byte
SE0220009;Stora Bötet;SCI;421.8;285802;Bevarandeplan;Stora Bötet_SE0220009.pdf;.pdf;https://geodata.naturvardsverket.se/handlingar/rest/dokument/285802;docs/skyddadnatur/natura2000/dokument/SE0220009_Bevarandeplan_Stora Bötet_SE0220009.pdf;ok;5232811
SE0220011;Bärstakärret;SCI;5.1;253916;Bevarandeplan;Bevarandeplan SE0220011.pdf;application/pdf;https://geodata.naturvardsverket.se/handlingar/rest/dokument/253916;docs/skyddadnatur/natura2000/dokument/SE0220011_Bevarandeplan_Bevarandeplan SE0220011.pdf;ok;4287542
SE0220012;Nävsjöskogen;SCI;5.0;253917;Bevarandeplan;Bevarandeplan SE0220012.pdf;application/pdf;https://geodata.naturvardsverket.se/handlingar/rest/dokument/253917;docs/skyddadnatur/natura2000/dokument/SE0220012_Bevarandeplan_Bevarandeplan SE0220012.pdf;ok;4315865
SE0220013;Ängbacken;SCI;3.7;253918;Bevarandeplan;Bevarandeplan SE0220013.pdf;application/pdf;https://geodata.naturvardsverket.se/handlingar/rest/dokument/253918;docs/skyddadnatur/natura2000/dokument/SE0220013_Bevarandeplan_Bevarandeplan SE0220013.pdf;ok;4257890
SE0220017;Svanviken-Lindbacke;SPA/SCI;122.0;267306;Bevarandeplan;Svanviken-Lindbacke_SE0220017.pdf;.pdf;https://geodata.naturvardsverket.se/handlingar/rest/dokument/267306;docs/skyddadnatur/natura2000/dokument/SE0220017_Bevarandeplan_Svanviken-Lindbacke_SE0220017.pdf;ok;5222025
SE0220020;Strandstuviken;SPA/SCI;989.6;286077;Bevarandeplan;Strandstuviken_SE0220020.pdf;.pdf;https://geodata.naturvardsverket.se/handlingar/rest/dokument/286077;docs/skyddadnatur/natura2000/dokument/SE0220020_Bevarandeplan_Strandstuviken_SE0220020.pdf;ok;382803
SE0220021;Sjösakärren;SCI;23.2;267297;Bevarandeplan;Sjösakärren_SE0220021.pdf;.pdf;https://geodata.naturvardsverket.se/handlingar/rest/dokument/267297;docs/skyddadnatur/natura2000/dokument/SE0220021_Bevarandeplan_Sjösakärren_SE0220021.pdf;ok;4478078
SE0220028;Hävringe-Källskären;SCI;11104.5;286063;Bevarandeplan;Hävringe-Källskären_SE0220028.pdf;.pdf;https://geodata.naturvardsverket.se/handlingar/rest/dokument/286063;docs/skyddadnatur/natura2000/dokument/SE0220028_Bevarandeplan_Hävringe-Källskären_SE0220028.pdf;ok;196594
SE0220034;Tullgarn södra;SPA/SCI;2014.2;286080;Bevarandeplan;Tullgarn södra_SE0220034.pdf;.pdf;https://geodata.naturvardsverket.se/handlingar/rest/dokument/286080;docs/skyddadnatur/natura2000/dokument/SE0220034_Bevarandeplan_Tullgarn södra_SE0220034.pdf;ok;648825
SE0220059;Grindstugan;SCI;0.91;253919;Bevarandeplan;Bevarandeplan SE0220059.pdf;application/pdf;https://geodata.naturvardsverket.se/handlingar/rest/dokument/253919;docs/skyddadnatur/natura2000/dokument/SE0220059_Bevarandeplan_Bevarandeplan SE0220059.pdf;ok;4332784
SE0220063;Sparreholms ekhagar;SCI;88.0;253920;Bevarandeplan;Bevarandeplan SE0220063.pdf;application/pdf;https://geodata.naturvardsverket.se/handlingar/rest/dokument/253920;docs/skyddadnatur/natura2000/dokument/SE0220063_Bevarandeplan_Bevarandeplan SE0220063.pdf;ok;4515807
SE0220069;Putbergen;SCI;14.5;253921;Bevarandeplan;Bevarandeplan SE0220069.pdf;application/pdf;https://geodata.naturvardsverket.se/handlingar/rest/dokument/253921;docs/skyddadnatur/natura2000/dokument/SE0220069_Bevarandeplan_Bevarandeplan SE0220069.pdf;ok;4545056
SE0220072;Stampmossen;SCI;12.2;267301;Bevarandeplan;Stampmossen_SE0220072.pdf;.pdf;https://geodata.naturvardsverket.se/handlingar/rest/dokument/267301;docs/skyddadnatur/natura2000/dokument/SE0220072_Bevarandeplan_Stampmossen_SE0220072.pdf;ok;4610082
SE0220077;Ridö-Sundbyholmsarkipelagen södra;SPA/SCI;2939.5;366850;Bevarandeplan;Ridö Sundbyholmsarkipelagen_SE0220077   Ridöarkipelagen_SE0250008.pdf;.pdf;https://geodata.naturvardsverket.se/handlingar/rest/dokument/366850;docs/skyddadnatur/natura2000/dokument/SE0220077_Bevarandeplan_Ridö Sundbyholmsarkipelagen_SE0220077 Ridöarkipelagen_SE0250008.pdf;ok;6409476
SE0220078;Sofiebergsåsen;SCI;8.7;253922;Bevarandeplan;Bevarandeplan SE0220078.pdf;application/pdf;https://geodata.naturvardsverket.se/handlingar/rest/dokument/253922;docs/skyddadnatur/natura2000/dokument/SE0220078_Bevarandeplan_Bevarandeplan SE0220078.pdf;ok;4425929
SE0220083;Nybbleholme;SCI;42.9;253923;Bevarandeplan;Bevarandeplan SE0220083.pdf;application/pdf;https://geodata.naturvardsverket.se/handlingar/rest/dokument/253923;docs/skyddadnatur/natura2000/dokument/SE0220083_Bevarandeplan_Bevarandeplan SE0220083.pdf;ok;4094250
SE0220085;Gripsholms Hjorthage;SCI;48.6;253924;Bevarandeplan;Bevarandeplan SE0220085.pdf;application/pdf;https://geodata.naturvardsverket.se/handlingar/rest/dokument/253924;docs/skyddadnatur/natura2000/dokument/SE0220085_Bevarandeplan_Bevarandeplan SE0220085.pdf;ok;4271341
SE0220087;Söderfjärden;SPA/SCI;209.2;285804;Bevarandeplan;Söderfjärden_SE0220087.pdf;.pdf;https://geodata.naturvardsverket.se/handlingar/rest/dokument/285804;docs/skyddadnatur/natura2000/dokument/SE0220087_Bevarandeplan_Söderfjärden_SE0220087.pdf;ok;4881169
SE0220088;Herröknanäs;SCI;33.8;267274;Bevarandeplan;Herröknanäs_SE0220088.pdf;.pdf;https://geodata.naturvardsverket.se/handlingar/rest/dokument/267274;docs/skyddadnatur/natura2000/dokument/SE0220088_Bevarandeplan_Herröknanäs_SE0220088.pdf;ok;4259906
SE0220089;Tuna;SCI;3.4;253925;Bevarandeplan;Bevarandeplan SE0220089.pdf;application/pdf;https://geodata.naturvardsverket.se/handlingar/rest/dokument/253925;docs/skyddadnatur/natura2000/dokument/SE0220089_Bevarandeplan_Bevarandeplan SE0220089.pdf;ok;4275102
SE0220103;Pilgöljan;SCI;8.8;253926;Bevarandeplan;Bevarandeplan SE0220103.pdf;application/pdf;https://geodata.naturvardsverket.se/handlingar/rest/dokument/253926;docs/skyddadnatur/natura2000/dokument/SE0220103_Bevarandeplan_Bevarandeplan SE0220103.pdf;ok;4521105
SE0220104;Sågartorpskärret;SCI;6.1;253927;Bevarandeplan;Bevarandeplan SE0220104.pdf;application/pdf;https://geodata.naturvardsverket.se/handlingar/rest/dokument/253927;docs/skyddadnatur/natura2000/dokument/SE0220104_Bevarandeplan_Bevarandeplan SE0220104.pdf;ok;4566811
SE0220106;Fjällmossen norra;SPA/SCI;304.1;285789;Bevarandeplan;Fjällmossen norra_SE0220106.pdf;.pdf;https://geodata.naturvardsverket.se/handlingar/rest/dokument/285789;docs/skyddadnatur/natura2000/dokument/SE0220106_Bevarandeplan_Fjällmossen norra_SE0220106.pdf;ok;5196471
SE0220110;Skåraviken;SPA/SCI;316.0;285799;Bevarandeplan;Skåraviken_SE0220110.pdf;.pdf;https://geodata.naturvardsverket.se/handlingar/rest/dokument/285799;docs/skyddadnatur/natura2000/dokument/SE0220110_Bevarandeplan_Skåraviken_SE0220110.pdf;ok;5941811
SE0220115;Marsviken-Marsäng;SCI;121.8;267288;Bevarandeplan;Marsviken-Marsäng_SE0220115.pdf;.pdf;https://geodata.naturvardsverket.se/handlingar/rest/dokument/267288;docs/skyddadnatur/natura2000/dokument/SE0220115_Bevarandeplan_Marsviken-Marsäng_SE0220115.pdf;ok;4070411
SE0220118;Labro ängar;SPA/SCI;81.6;285794;Bevarandeplan;Labro ängar_SE0220118.pdf;.pdf;https://geodata.naturvardsverket.se/handlingar/rest/dokument/285794;docs/skyddadnatur/natura2000/dokument/SE0220118_Bevarandeplan_Labro ängar_SE0220118.pdf;ok;4450694
SE0220119;Linudden;SCI;11.0;253928;Bevarandeplan;Bevarandeplan SE0220119.pdf;application/pdf;https://geodata.naturvardsverket.se/handlingar/rest/dokument/253928;docs/skyddadnatur/natura2000/dokument/SE0220119_Bevarandeplan_Bevarandeplan SE0220119.pdf;ok;4289681
SE0220122;Västra Djupvik;SCI;16.5;253929;Bevarandeplan;Bevarandeplan SE0220122.pdf;application/pdf;https://geodata.naturvardsverket.se/handlingar/rest/dokument/253929;docs/skyddadnatur/natura2000/dokument/SE0220122_Bevarandeplan_Bevarandeplan SE0220122.pdf;ok;4457545
SE0220124;Horsvik;SCI;14.1;253930;Bevarandeplan;Bevarandeplan SE0220124.pdf;application/pdf;https://geodata.naturvardsverket.se/handlingar/rest/dokument/253930;docs/skyddadnatur/natura2000/dokument/SE0220124_Bevarandeplan_Bevarandeplan SE0220124.pdf;ok;4295242
SE0220126;Nynäs;SCI;1826.3;286069;Bevarandeplan;Nynäs_SE0220126.pdf;.pdf;https://geodata.naturvardsverket.se/handlingar/rest/dokument/286069;docs/skyddadnatur/natura2000/dokument/SE0220126_Bevarandeplan_Nynäs_SE0220126.pdf;ok;804075
SE0220129;Skärgårdsreservaten;SPA/SCI;8811.1;286056;Bevarandeplan;Skärgårdsreservaten_SE0220129.pdf;.pdf;https://geodata.naturvardsverket.se/handlingar/rest/dokument/286056;docs/skyddadnatur/natura2000/dokument/SE0220129_Bevarandeplan_Skärgårdsreservaten_SE0220129.pdf;ok;1429531
SE0220130;Lotsängsbacken;SCI;14.2;253931;Bevarandeplan;Bevarandeplan SE0220130.pdf;application/pdf;https://geodata.naturvardsverket.se/handlingar/rest/dokument/253931;docs/skyddadnatur/natura2000/dokument/SE0220130_Bevarandeplan_Bevarandeplan SE0220130.pdf;ok;4400534
SE0220137;Bråtamossen;SCI;27.9;253932;Bevarandeplan;Bevarandeplan SE0220137.pdf;application/pdf;https://geodata.naturvardsverket.se/handlingar/rest/dokument/253932;docs/skyddadnatur/natura2000/dokument/SE0220137_Bevarandeplan_Bevarandeplan SE0220137.pdf;ok;4570778
SE0220145;Båvenöarna;SPA/SCI;774.6;295114;Bevarandeplan;Båvenöarna_SE0220145.pdf;.pdf;https://geodata.naturvardsverket.se/handlingar/rest/dokument/295114;docs/skyddadnatur/natura2000/dokument/SE0220145_Bevarandeplan_Båvenöarna_SE0220145.pdf;ok;3846214
SE0220148;Davik;SCI;63.5;253933;Bevarandeplan;Bevarandeplan SE0220148.pdf;application/pdf;https://geodata.naturvardsverket.se/handlingar/rest/dokument/253933;docs/skyddadnatur/natura2000/dokument/SE0220148_Bevarandeplan_Bevarandeplan SE0220148.pdf;ok;4533700
SE0220150;Tåkenön;SCI;1002.6;286084;Bevarandeplan;Tåkenön_SE0220150.pdf;.pdf;https://geodata.naturvardsverket.se/handlingar/rest/dokument/286084;docs/skyddadnatur/natura2000/dokument/SE0220150_Bevarandeplan_Tåkenön_SE0220150.pdf;ok;748210
SE0220151;Igelbålen;SCI;17.6;253934;Bevarandeplan;Bevarandeplan SE0220151.pdf;application/pdf;https://geodata.naturvardsverket.se/handlingar/rest/dokument/253934;docs/skyddadnatur/natura2000/dokument/SE0220151_Bevarandeplan_Bevarandeplan SE0220151.pdf;ok;4621401
SE0220152;Barrsjömossen;SCI;37.8;253935;Bevarandeplan;Bevarandeplan SE0220152.pdf;application/pdf;https://geodata.naturvardsverket.se/handlingar/rest/dokument/253935;docs/skyddadnatur/natura2000/dokument/SE0220152_Bevarandeplan_Bevarandeplan SE0220152.pdf;ok;4533604
SE0220154;Öknaby;SCI;4.7;253936;Bevarandeplan;Bevarandeplan SE0220154.pdf;application/pdf;https://geodata.naturvardsverket.se/handlingar/rest/dokument/253936;docs/skyddadnatur/natura2000/dokument/SE0220154_Bevarandeplan_Bevarandeplan SE0220154.pdf;ok;3655186
SE0220156;Lilla Tjärbruket;SCI;2.8;253937;Bevarandeplan;Bevarandeplan SE0220156.pdf;application/pdf;https://geodata.naturvardsverket.se/handlingar/rest/dokument/253937;docs/skyddadnatur/natura2000/dokument/SE0220156_Bevarandeplan_Bevarandeplan SE0220156.pdf;ok;4291262
SE0220160;Bränntorp;SCI;9.2;253938;Bevarandeplan;Bevarandeplan SE0220160.pdf;application/pdf;https://geodata.naturvardsverket.se/handlingar/rest/dokument/253938;docs/skyddadnatur/natura2000/dokument/SE0220160_Bevarandeplan_Bevarandeplan SE0220160.pdf;ok;4386019
SE0220166;Bråtön;SCI;36.8;285786;Bevarandeplan;Bråtön_SE0220166.pdf;.pdf;https://geodata.naturvardsverket.se/handlingar/rest/dokument/285786;docs/skyddadnatur/natura2000/dokument/SE0220166_Bevarandeplan_Bråtön_SE0220166.pdf;ok;4595083
SE0220168;Mora hage;SCI;3.5;253939;Bevarandeplan;Bevarandeplan SE0220168.pdf;application/pdf;https://geodata.naturvardsverket.se/handlingar/rest/dokument/253939;docs/skyddadnatur/natura2000/dokument/SE0220168_Bevarandeplan_Bevarandeplan SE0220168.pdf;ok;3582509
SE0220174;Marvikarna;SPA/SCI;213.0;267290;Bevarandeplan;Marvikarna_SE0220174.pdf;.pdf;https://geodata.naturvardsverket.se/handlingar/rest/dokument/267290;docs/skyddadnatur/natura2000/dokument/SE0220174_Bevarandeplan_Marvikarna_SE0220174.pdf;ok;5650917
SE0220175;Södra Kärrlången;SPA/SCI;101.4;285805;Bevarandeplan;Södra Kärrlången_SE0220175.pdf;.pdf;https://geodata.naturvardsverket.se/handlingar/rest/dokument/285805;docs/skyddadnatur/natura2000/dokument/SE0220175_Bevarandeplan_Södra Kärrlången_SE0220175.pdf;ok;5538680
SE0220176;Tovhulta stormosse;SCI;60.1;253940;Bevarandeplan;Bevarandeplan SE0220176.pdf;application/pdf;https://geodata.naturvardsverket.se/handlingar/rest/dokument/253940;docs/skyddadnatur/natura2000/dokument/SE0220176_Bevarandeplan_Bevarandeplan SE0220176.pdf;ok;4455154
SE0220182;Segersön;SCI;770.6;295092;Bevarandeplan;Segersön_SE0220182.pdf;.pdf;https://geodata.naturvardsverket.se/handlingar/rest/dokument/295092;docs/skyddadnatur/natura2000/dokument/SE0220182_Bevarandeplan_Segersön_SE0220182.pdf;ok;3474472
SE0220191;Himlingeåsen;SCI;26.6;285792;Bevarandeplan;Himlingeåsen_SE0220191.pdf;.pdf;https://geodata.naturvardsverket.se/handlingar/rest/dokument/285792;docs/skyddadnatur/natura2000/dokument/SE0220191_Bevarandeplan_Himlingeåsen_SE0220191.pdf;ok;4833456
SE0220193;Jaktstuguskogen;SCI;52.7;267281;Bevarandeplan;Jaktstuguskogen_SE0220193.pdf;.pdf;https://geodata.naturvardsverket.se/handlingar/rest/dokument/267281;docs/skyddadnatur/natura2000/dokument/SE0220193_Bevarandeplan_Jaktstuguskogen_SE0220193.pdf;ok;4467570
SE0220194;Henaredalen;SCI;13.5;267273;Bevarandeplan;Henaredalen_SE0220194.pdf;.pdf;https://geodata.naturvardsverket.se/handlingar/rest/dokument/267273;docs/skyddadnatur/natura2000/dokument/SE0220194_Bevarandeplan_Henaredalen_SE0220194.pdf;ok;4170396
SE0220197;Kalkbro;SCI;2.6;253941;Bevarandeplan;Bevarandeplan SE0220197.pdf;application/pdf;https://geodata.naturvardsverket.se/handlingar/rest/dokument/253941;docs/skyddadnatur/natura2000/dokument/SE0220197_Bevarandeplan_Bevarandeplan SE0220197.pdf;ok;4579663
SE0220199;Gorsingeholm;SCI;14.0;253942;Bevarandeplan;Bevarandeplan SE0220199.pdf;application/pdf;https://geodata.naturvardsverket.se/handlingar/rest/dokument/253942;docs/skyddadnatur/natura2000/dokument/SE0220199_Bevarandeplan_Bevarandeplan SE0220199.pdf;ok;4206100
SE0220201;Evighetsbacken;SCI;18.1;267271;Bevarandeplan;Evighetsbacken_SE0220201.pdf;.pdf;https://geodata.naturvardsverket.se/handlingar/rest/dokument/267271;docs/skyddadnatur/natura2000/dokument/SE0220201_Bevarandeplan_Evighetsbacken_SE0220201.pdf;ok;4040990
SE0220202;Djupviksnäs;SCI;3.2;253943;Bevarandeplan;Bevarandeplan SE0220202.pdf;application/pdf;https://geodata.naturvardsverket.se/handlingar/rest/dokument/253943;docs/skyddadnatur/natura2000/dokument/SE0220202_Bevarandeplan_Bevarandeplan SE0220202.pdf;ok;4385333
SE0220203;Lånestaheden;SCI;6.5;253944;Bevarandeplan;Bevarandeplan SE0220203.pdf;application/pdf;https://geodata.naturvardsverket.se/handlingar/rest/dokument/253944;docs/skyddadnatur/natura2000/dokument/SE0220203_Bevarandeplan_Bevarandeplan SE0220203.pdf;ok;4516391
SE0220204;Hålvetten-Näsnaren;SCI;1000.9;267279;Bevarandeplan;Hålvetten-Näsnaren_SE0220204.pdf;.pdf;https://geodata.naturvardsverket.se/handlingar/rest/dokument/267279;docs/skyddadnatur/natura2000/dokument/SE0220204_Bevarandeplan_Hålvetten-Näsnaren_SE0220204.pdf;ok;4767279
SE0220205;Stora Munkebo;SCI;10.8;267304;Bevarandeplan;Stora Munkebo_SE0220205.pdf;.pdf;https://geodata.naturvardsverket.se/handlingar/rest/dokument/267304;docs/skyddadnatur/natura2000/dokument/SE0220205_Bevarandeplan_Stora Munkebo_SE0220205.pdf;ok;3991752
SE0220206;Floden;SPA/SCI;56.1;285791;Bevarandeplan;Floden_SE0220206.pdf;.pdf;https://geodata.naturvardsverket.se/handlingar/rest/dokument/285791;docs/skyddadnatur/natura2000/dokument/SE0220206_Bevarandeplan_Floden_SE0220206.pdf;ok;5371119
SE0220207;Åtorpskogen;SCI;20.3;253945;Bevarandeplan;Bevarandeplan SE0220207.pdf;application/pdf;https://geodata.naturvardsverket.se/handlingar/rest/dokument/253945;docs/skyddadnatur/natura2000/dokument/SE0220207_Bevarandeplan_Bevarandeplan SE0220207.pdf;ok;4538062
SE0220208;Lomsjöskogen;SCI;31.4;267286;Bevarandeplan;Lomsjöskogen_SE0220208.pdf;.pdf;https://geodata.naturvardsverket.se/handlingar/rest/dokument/267286;docs/skyddadnatur/natura2000/dokument/SE0220208_Bevarandeplan_Lomsjöskogen_SE0220208.pdf;ok;4543767
SE0220210;Lenellstorpskärret;SCI;16.2;285795;Bevarandeplan;Lenellstorpskärret_SE0220210.pdf;.pdf;https://geodata.naturvardsverket.se/handlingar/rest/dokument/285795;docs/skyddadnatur/natura2000/dokument/SE0220210_Bevarandeplan_Lenellstorpskärret_SE0220210.pdf;ok;5384932
SE0220211;Ekorneberg;SCI;9.8;253946;Bevarandeplan;Bevarandeplan SE0220211.pdf;application/pdf;https://geodata.naturvardsverket.se/handlingar/rest/dokument/253946;docs/skyddadnatur/natura2000/dokument/SE0220211_Bevarandeplan_Bevarandeplan SE0220211.pdf;ok;4321338
SE0220212;Stortrön;SCI;108.8;270364;Bevarandeplan;Stortrön_SE0220212.pdf;.pdf;https://geodata.naturvardsverket.se/handlingar/rest/dokument/270364;docs/skyddadnatur/natura2000/dokument/SE0220212_Bevarandeplan_Stortrön_SE0220212.pdf;ok;4430253
SE0220213;Fräkenkärret;SPA/SCI;140.9;290270;Bevarandeplan;Fräkenkärret_SE0220213.pdf;.pdf;https://geodata.naturvardsverket.se/handlingar/rest/dokument/290270;docs/skyddadnatur/natura2000/dokument/SE0220213_Bevarandeplan_Fräkenkärret_SE0220213.pdf;ok;5485403
SE0220214;Utnäset;SPA/SCI;79.8;267311;Bevarandeplan;Utnäset_SE0220214.pdf;.pdf;https://geodata.naturvardsverket.se/handlingar/rest/dokument/267311;docs/skyddadnatur/natura2000/dokument/SE0220214_Bevarandeplan_Utnäset_SE0220214.pdf;ok;4698592
SE0220215;Bokö-Oxnö;SCI;327.9;285785;Bevarandeplan;Bokö-Oxnö_SE0220215.pdf;.pdf;https://geodata.naturvardsverket.se/handlingar/rest/dokument/285785;docs/skyddadnatur/natura2000/dokument/SE0220215_Bevarandeplan_Bokö-Oxnö_SE0220215.pdf;ok;4496287
SE0220216;Rosenlund;SCI;2.9;267295;Bevarandeplan;Rosenlund_SE0220216.pdf;.pdf;https://geodata.naturvardsverket.se/handlingar/rest/dokument/267295;docs/skyddadnatur/natura2000/dokument/SE0220216_Bevarandeplan_Rosenlund_SE0220216.pdf;ok;3753887
SE0220217;Tore Grav;SCI;10.2;253947;Bevarandeplan;Bevarandeplan SE0220217.pdf;application/pdf;https://geodata.naturvardsverket.se/handlingar/rest/dokument/253947;docs/skyddadnatur/natura2000/dokument/SE0220217_Bevarandeplan_Bevarandeplan SE0220217.pdf;ok;4242155
SE0220218;Stendörren;SPA/SCI;901.8;267302;Bevarandeplan;Stendörren_SE0220218.pdf;.pdf;https://geodata.naturvardsverket.se/handlingar/rest/dokument/267302;docs/skyddadnatur/natura2000/dokument/SE0220218_Bevarandeplan_Stendörren_SE0220218.pdf;ok;4275971
SE0220219;Skedevi;SCI;31.1;267298;Bevarandeplan;Skedevi_SE0220219.pdf;.pdf;https://geodata.naturvardsverket.se/handlingar/rest/dokument/267298;docs/skyddadnatur/natura2000/dokument/SE0220219_Bevarandeplan_Skedevi_SE0220219.pdf;ok;4526908
SE0220220;Nyckelmossen;SCI;65.8;253948;Bevarandeplan;Bevarandeplan SE0220220.pdf;application/pdf;https://geodata.naturvardsverket.se/handlingar/rest/dokument/253948;docs/skyddadnatur/natura2000/dokument/SE0220220_Bevarandeplan_Bevarandeplan SE0220220.pdf;ok;4526530
SE0220223;Svartsjömyren;SCI;15.9;290147;Bevarandeplan;Svartsjömyren_SE0220223.pdf;.pdf;https://geodata.naturvardsverket.se/handlingar/rest/dokument/290147;docs/skyddadnatur/natura2000/dokument/SE0220223_Bevarandeplan_Svartsjömyren_SE0220223.pdf;ok;4577785
SE0220224;Näsberget;SCI;5.9;253949;Bevarandeplan;Bevarandeplan SE0220224.pdf;application/pdf;https://geodata.naturvardsverket.se/handlingar/rest/dokument/253949;docs/skyddadnatur/natura2000/dokument/SE0220224_Bevarandeplan_Bevarandeplan SE0220224.pdf;ok;4234987
SE0220226;Fiholm;SCI;26.4;253950;Bevarandeplan;Bevarandeplan SE0220226.pdf;application/pdf;https://geodata.naturvardsverket.se/handlingar/rest/dokument/253950;docs/skyddadnatur/natura2000/dokument/SE0220226_Bevarandeplan_Bevarandeplan SE0220226.pdf;ok;4214209
SE0220227;Stavåsen;SCI;3.1;285800;Bevarandeplan;Stavåsen_SE0220227.pdf;.pdf;https://geodata.naturvardsverket.se/handlingar/rest/dokument/285800;docs/skyddadnatur/natura2000/dokument/SE0220227_Bevarandeplan_Stavåsen_SE0220227.pdf;ok;4246779
SE0220228;Ånhammarsnäset;SCI;54.7;253951;Bevarandeplan;Bevarandeplan SE0220228.pdf;application/pdf;https://geodata.naturvardsverket.se/handlingar/rest/dokument/253951;docs/skyddadnatur/natura2000/dokument/SE0220228_Bevarandeplan_Bevarandeplan SE0220228.pdf;ok;4674619
SE0220229;Koholmen;SCI;20.6;267282;Bevarandeplan;Koholmen_SE0220229.pdf;.pdf;https://geodata.naturvardsverket.se/handlingar/rest/dokument/267282;docs/skyddadnatur/natura2000/dokument/SE0220229_Bevarandeplan_Koholmen_SE0220229.pdf;ok;4674113
SE0220231;Rågö;SPA/SCI;1559.6;326995;Bevarandeplan;Rågö_SE0220231.pdf;.pdf;https://geodata.naturvardsverket.se/handlingar/rest/dokument/326995;docs/skyddadnatur/natura2000/dokument/SE0220231_Bevarandeplan_Rågö_SE0220231.pdf;ok;5382746
SE0220232;Holmtorp;SCI;7.3;253952;Bevarandeplan;Bevarandeplan SE0220232.pdf;application/pdf;https://geodata.naturvardsverket.se/handlingar/rest/dokument/253952;docs/skyddadnatur/natura2000/dokument/SE0220232_Bevarandeplan_Bevarandeplan SE0220232.pdf;ok;4339519
SE0220233;Stora Åsa;SCI;7.6;253953;Bevarandeplan;Bevarandeplan SE0220233.pdf;application/pdf;https://geodata.naturvardsverket.se/handlingar/rest/dokument/253953;docs/skyddadnatur/natura2000/dokument/SE0220233_Bevarandeplan_Bevarandeplan SE0220233.pdf;ok;3629124
SE0220234;Persö;SCI;9.9;267293;Bevarandeplan;Persö_SE0220234.pdf;.pdf;https://geodata.naturvardsverket.se/handlingar/rest/dokument/267293;docs/skyddadnatur/natura2000/dokument/SE0220234_Bevarandeplan_Persö_SE0220234.pdf;ok;3479210
SE0220235;Kalkugnstorp;SCI;19.7;253954;Bevarandeplan;Bevarandeplan SE0220235.pdf;application/pdf;https://geodata.naturvardsverket.se/handlingar/rest/dokument/253954;docs/skyddadnatur/natura2000/dokument/SE0220235_Bevarandeplan_Bevarandeplan SE0220235.pdf;ok;4325432
SE0220236;Lerböle;SCI;7.3;253955;Bevarandeplan;Bevarandeplan SE0220236.pdf;application/pdf;https://geodata.naturvardsverket.se/handlingar/rest/dokument/253955;docs/skyddadnatur/natura2000/dokument/SE0220236_Bevarandeplan_Bevarandeplan SE0220236.pdf;ok;4256687
SE0220237;Melån;SCI;11.4;253956;Bevarandeplan;Bevarandeplan SE0220237.pdf;application/pdf;https://geodata.naturvardsverket.se/handlingar/rest/dokument/253956;docs/skyddadnatur/natura2000/dokument/SE0220237_Bevarandeplan_Bevarandeplan SE0220237.pdf;ok;4334273
SE0220238;Björnvad;SCI;15.7;253957;Bevarandeplan;Bevarandeplan SE0220238.pdf;application/pdf;https://geodata.naturvardsverket.se/handlingar/rest/dokument/253957;docs/skyddadnatur/natura2000/dokument/SE0220238_Bevarandeplan_Bevarandeplan SE0220238.pdf;ok;4285591
SE0220239;Veckla äng;SCI;1.2;253958;Bevarandeplan;Bevarandeplan SE0220239.pdf;application/pdf;https://geodata.naturvardsverket.se/handlingar/rest/dokument/253958;docs/skyddadnatur/natura2000/dokument/SE0220239_Bevarandeplan_Bevarandeplan SE0220239.pdf;ok;4248868
SE0220240;Kårtorp;SCI;12.4;253959;Bevarandeplan;Bevarandeplan SE0220240.pdf;application/pdf;https://geodata.naturvardsverket.se/handlingar/rest/dokument/253959;docs/skyddadnatur/natura2000/dokument/SE0220240_Bevarandeplan_Bevarandeplan SE0220240.pdf;ok;4323864
SE0220241;Lisstorp;SCI;0.64;253960;Bevarandeplan;Bevarandeplan SE0220241.pdf;application/pdf;https://geodata.naturvardsverket.se/handlingar/rest/dokument/253960;docs/skyddadnatur/natura2000/dokument/SE0220241_Bevarandeplan_Bevarandeplan SE0220241.pdf;ok;4391382
SE0220243;Eknäset;SCI;31.7;267270;Bevarandeplan;Eknäset_SE0220243.pdf;.pdf;https://geodata.naturvardsverket.se/handlingar/rest/dokument/267270;docs/skyddadnatur/natura2000/dokument/SE0220243_Bevarandeplan_Eknäset_SE0220243.pdf;ok;4739924
SE0220245;Stenstorps hagkärr;SCI;34.3;253961;Bevarandeplan;Bevarandeplan SE0220245.pdf;application/pdf;https://geodata.naturvardsverket.se/handlingar/rest/dokument/253961;docs/skyddadnatur/natura2000/dokument/SE0220245_Bevarandeplan_Bevarandeplan SE0220245.pdf;ok;4598884
SE0220247;Hedensö;SCI;15.0;253962;Bevarandeplan;Bevarandeplan SE0220247.pdf;application/pdf;https://geodata.naturvardsverket.se/handlingar/rest/dokument/253962;docs/skyddadnatur/natura2000/dokument/SE0220247_Bevarandeplan_Bevarandeplan SE0220247.pdf;ok;3561738
SE0220248;Sundängen;SCI;11.3;253963;Bevarandeplan;Bevarandeplan SE0220248.pdf;application/pdf;https://geodata.naturvardsverket.se/handlingar/rest/dokument/253963;docs/skyddadnatur/natura2000/dokument/SE0220248_Bevarandeplan_Bevarandeplan SE0220248.pdf;ok;4336913
SE0220250;Norrby kyrkskog;SCI;11.0;253964;Bevarandeplan;Bevarandeplan SE0220250.pdf;application/pdf;https://geodata.naturvardsverket.se/handlingar/rest/dokument/253964;docs/skyddadnatur/natura2000/dokument/SE0220250_Bevarandeplan_Bevarandeplan SE0220250.pdf;ok;4376581
SE0220251;Djupvikssjöskogen;SCI;11.4;267269;Bevarandeplan;Djupvikssjöskogen_SE0220251.pdf;.pdf;https://geodata.naturvardsverket.se/handlingar/rest/dokument/267269;docs/skyddadnatur/natura2000/dokument/SE0220251_Bevarandeplan_Djupvikssjöskogen_SE0220251.pdf;ok;4322882
SE0220252;Igelsjöskogen;SCI;18.3;267280;Bevarandeplan;Igelsjöskogen_SE0220252.pdf;.pdf;https://geodata.naturvardsverket.se/handlingar/rest/dokument/267280;docs/skyddadnatur/natura2000/dokument/SE0220252_Bevarandeplan_Igelsjöskogen_SE0220252.pdf;ok;4473643
SE0220253;Tussmötet;SCI;61.0;253965;Bevarandeplan;Bevarandeplan SE0220253.pdf;application/pdf;https://geodata.naturvardsverket.se/handlingar/rest/dokument/253965;docs/skyddadnatur/natura2000/dokument/SE0220253_Bevarandeplan_Bevarandeplan SE0220253.pdf;ok;4673688
SE0220255;Fågelboskogen;SCI;13.6;253966;Bevarandeplan;Bevarandeplan SE0220255.pdf;application/pdf;https://geodata.naturvardsverket.se/handlingar/rest/dokument/253966;docs/skyddadnatur/natura2000/dokument/SE0220255_Bevarandeplan_Bevarandeplan SE0220255.pdf;ok;4435073
SE0220257;Tomtaklintskogen;SCI;28.0;285806;Bevarandeplan;Tomtaklintskogen_SE0220257.pdf;.pdf;https://geodata.naturvardsverket.se/handlingar/rest/dokument/285806;docs/skyddadnatur/natura2000/dokument/SE0220257_Bevarandeplan_Tomtaklintskogen_SE0220257.pdf;ok;4730733
SE0220301;Borsö;SCI;12.9;267267;Bevarandeplan;Borsö_SE0220301.pdf;.pdf;https://geodata.naturvardsverket.se/handlingar/rest/dokument/267267;docs/skyddadnatur/natura2000/dokument/SE0220301_Bevarandeplan_Borsö_SE0220301.pdf;ok;3895484
SE0220303;Båven;SPA/SCI;6199.6;286058;Bevarandeplan;Båven_SE0220303.pdf;.pdf;https://geodata.naturvardsverket.se/handlingar/rest/dokument/286058;docs/skyddadnatur/natura2000/dokument/SE0220303_Bevarandeplan_Båven_SE0220303.pdf;ok;2063537
SE0220304;Kilaån-Vretaån;SCI;137.8;320712;Bevarandeplan;Kilaån-Vretaån_SE0220304.pdf;.pdf;https://geodata.naturvardsverket.se/handlingar/rest/dokument/320712;docs/skyddadnatur/natura2000/dokument/SE0220304_Bevarandeplan_Kilaån-Vretaån_SE0220304.pdf;ok;6214176
SE0220305;Floda-Kyrksjön;SPA/SCI;136.8;285790;Bevarandeplan;Floda-Kyrksjön_SE0220305.pdf;.pdf;https://geodata.naturvardsverket.se/handlingar/rest/dokument/285790;docs/skyddadnatur/natura2000/dokument/SE0220305_Bevarandeplan_Floda-Kyrksjön_SE0220305.pdf;ok;5242703
SE0220306;Näsnaren;SPA/SCI;678.6;285797;Bevarandeplan;Näsnaren_SE0220306.pdf;.pdf;https://geodata.naturvardsverket.se/handlingar/rest/dokument/285797;docs/skyddadnatur/natura2000/dokument/SE0220306_Bevarandeplan_Näsnaren_SE0220306.pdf;ok;4778264
SE0220309;Brebol;SPA/SCI;42.6;267268;Bevarandeplan;Brebol_SE0220309.pdf;.pdf;https://geodata.naturvardsverket.se/handlingar/rest/dokument/267268;docs/skyddadnatur/natura2000/dokument/SE0220309_Bevarandeplan_Brebol_SE0220309.pdf;ok;4540408
SE0220310;Västra Kolberga;SCI;8.5;253967;Bevarandeplan;Bevarandeplan SE0220310.pdf;application/pdf;https://geodata.naturvardsverket.se/handlingar/rest/dokument/253967;docs/skyddadnatur/natura2000/dokument/SE0220310_Bevarandeplan_Bevarandeplan SE0220310.pdf;ok;3872743
SE0220311;Fräkenvassen;SCI;20.9;253968;Bevarandeplan;Bevarandeplan SE0220311.pdf;application/pdf;https://geodata.naturvardsverket.se/handlingar/rest/dokument/253968;docs/skyddadnatur/natura2000/dokument/SE0220311_Bevarandeplan_Bevarandeplan SE0220311.pdf;ok;4425020
SE0220312;Skyle;SCI;5.7;253969;Bevarandeplan;Bevarandeplan SE0220312.pdf;application/pdf;https://geodata.naturvardsverket.se/handlingar/rest/dokument/253969;docs/skyddadnatur/natura2000/dokument/SE0220312_Bevarandeplan_Bevarandeplan SE0220312.pdf;ok;3481829
SE0220314;Hällvik;SCI;16.4;253970;Bevarandeplan;Bevarandeplan SE0220314.pdf;application/pdf;https://geodata.naturvardsverket.se/handlingar/rest/dokument/253970;docs/skyddadnatur/natura2000/dokument/SE0220314_Bevarandeplan_Bevarandeplan SE0220314.pdf;ok;4242716
SE0220315;Vreten;SCI;4.1;253971;Bevarandeplan;Bevarandeplan SE0220315.pdf;application/pdf;https://geodata.naturvardsverket.se/handlingar/rest/dokument/253971;docs/skyddadnatur/natura2000/dokument/SE0220315_Bevarandeplan_Bevarandeplan SE0220315.pdf;ok;4103923
SE0220317;Kila;SCI;2.0;253972;Bevarandeplan;Bevarandeplan SE0220317.pdf;application/pdf;https://geodata.naturvardsverket.se/handlingar/rest/dokument/253972;docs/skyddadnatur/natura2000/dokument/SE0220317_Bevarandeplan_Bevarandeplan SE0220317.pdf;ok;6309338
SE0220318;Skogstorpshagen;SCI;8.7;267299;Bevarandeplan;Skogstorpshagen_SE0220318.pdf;.pdf;https://geodata.naturvardsverket.se/handlingar/rest/dokument/267299;docs/skyddadnatur/natura2000/dokument/SE0220318_Bevarandeplan_Skogstorpshagen_SE0220318.pdf;ok;4196217
SE0220320;Tynäs ekhagar;SCI;5.6;290275;Bevarandeplan;Tynäs ekhagar_SE0220320.pdf;.pdf;https://geodata.naturvardsverket.se/handlingar/rest/dokument/290275;docs/skyddadnatur/natura2000/dokument/SE0220320_Bevarandeplan_Tynäs ekhagar_SE0220320.pdf;ok;4598892
SE0220322;Harpsund-Ön;SCI;14.2;253973;Bevarandeplan;Bevarandeplan SE0220322.pdf;application/pdf;https://geodata.naturvardsverket.se/handlingar/rest/dokument/253973;docs/skyddadnatur/natura2000/dokument/SE0220322_Bevarandeplan_Bevarandeplan SE0220322.pdf;ok;4285024
SE0220327;Kokärret;SCI;22.1;253974;Bevarandeplan;Bevarandeplan SE0220327.pdf;application/pdf;https://geodata.naturvardsverket.se/handlingar/rest/dokument/253974;docs/skyddadnatur/natura2000/dokument/SE0220327_Bevarandeplan_Bevarandeplan SE0220327.pdf;ok;4557115
SE0220328;Källarhalsen;SCI;1.5;253975;Bevarandeplan;Bevarandeplan SE0220328.pdf;application/pdf;https://geodata.naturvardsverket.se/handlingar/rest/dokument/253975;docs/skyddadnatur/natura2000/dokument/SE0220328_Bevarandeplan_Bevarandeplan SE0220328.pdf;ok;4488240
SE0220329;Marsjön;SCI;53.9;295117;Bevarandeplan;Marsjön_SE0220329.pdf;.pdf;https://geodata.naturvardsverket.se/handlingar/rest/dokument/295117;docs/skyddadnatur/natura2000/dokument/SE0220329_Bevarandeplan_Marsjön_SE0220329.pdf;ok;3455051
SE0220330;Torsmossen;SCI;26.2;253976;Bevarandeplan;Bevarandeplan SE0220330.pdf;application/pdf;https://geodata.naturvardsverket.se/handlingar/rest/dokument/253976;docs/skyddadnatur/natura2000/dokument/SE0220330_Bevarandeplan_Bevarandeplan SE0220330.pdf;ok;4508792
SE0220331;Ödesängssjön;SCI;17.4;253977;Bevarandeplan;Bevarandeplan SE0220331.pdf;application/pdf;https://geodata.naturvardsverket.se/handlingar/rest/dokument/253977;docs/skyddadnatur/natura2000/dokument/SE0220331_Bevarandeplan_Bevarandeplan SE0220331.pdf;ok;4577430
SE0220332;Örmossen;SPA/SCI;85.5;295093;Bevarandeplan;Örmossen_SE0220332.pdf;.pdf;https://geodata.naturvardsverket.se/handlingar/rest/dokument/295093;docs/skyddadnatur/natura2000/dokument/SE0220332_Bevarandeplan_Örmossen_SE0220332.pdf;ok;3259545
SE0220333;Nya kärren;SCI;2.3;253978;Bevarandeplan;Bevarandeplan SE0220333.pdf;application/pdf;https://geodata.naturvardsverket.se/handlingar/rest/dokument/253978;docs/skyddadnatur/natura2000/dokument/SE0220333_Bevarandeplan_Bevarandeplan SE0220333.pdf;ok;4442685
SE0220334;Himlingeskogen;SCI;44.1;253979;Bevarandeplan;Bevarandeplan SE0220334.pdf;application/pdf;https://geodata.naturvardsverket.se/handlingar/rest/dokument/253979;docs/skyddadnatur/natura2000/dokument/SE0220334_Bevarandeplan_Bevarandeplan SE0220334.pdf;ok;4546644
SE0220335;Utnorsskogen;SCI;16.8;253980;Bevarandeplan;Bevarandeplan SE0220335.pdf;application/pdf;https://geodata.naturvardsverket.se/handlingar/rest/dokument/253980;docs/skyddadnatur/natura2000/dokument/SE0220335_Bevarandeplan_Bevarandeplan SE0220335.pdf;ok;4284985
SE0220336;Harpebolnäset;SCI;10.1;253981;Bevarandeplan;Bevarandeplan SE0220336.pdf;application/pdf;https://geodata.naturvardsverket.se/handlingar/rest/dokument/253981;docs/skyddadnatur/natura2000/dokument/SE0220336_Bevarandeplan_Bevarandeplan SE0220336.pdf;ok;4280604
SE0220337;Storhultet;SCI;28.0;290283;Bevarandeplan;Storhultet_SE0220337.pdf;.pdf;https://geodata.naturvardsverket.se/handlingar/rest/dokument/290283;docs/skyddadnatur/natura2000/dokument/SE0220337_Bevarandeplan_Storhultet_SE0220337.pdf;ok;5008892
SE0220338;Dagöholmsbackarna;SCI;4.2;253982;Bevarandeplan;Bevarandeplan SE0220338.pdf;application/pdf;https://geodata.naturvardsverket.se/handlingar/rest/dokument/253982;docs/skyddadnatur/natura2000/dokument/SE0220338_Bevarandeplan_Bevarandeplan SE0220338.pdf;ok;4283330
SE0220339;Misätters ekhagar;SCI;9.7;278842;Bevarandeplan;Misätters ekhagar_kombiplan.pdf;.pdf;https://geodata.naturvardsverket.se/handlingar/rest/dokument/278842;docs/skyddadnatur/natura2000/dokument/SE0220339_Bevarandeplan_Misätters ekhagar_kombiplan.pdf;ok;6079442
SE0220340;Lidakärret;SCI;1.9;295116;Bevarandeplan;Lidakärret_SE0220340.pdf;.pdf;https://geodata.naturvardsverket.se/handlingar/rest/dokument/295116;docs/skyddadnatur/natura2000/dokument/SE0220340_Bevarandeplan_Lidakärret_SE0220340.pdf;ok;3151163
SE0220341;Svinnäset;SCI;58.3;253983;Bevarandeplan;Bevarandeplan SE0220341.pdf;application/pdf;https://geodata.naturvardsverket.se/handlingar/rest/dokument/253983;docs/skyddadnatur/natura2000/dokument/SE0220341_Bevarandeplan_Bevarandeplan SE0220341.pdf;ok;4564802
SE0220343;Askholmen;SPA/SCI;94.5;267263;Bevarandeplan;Askholmen_SE0220343.pdf;.pdf;https://geodata.naturvardsverket.se/handlingar/rest/dokument/267263;docs/skyddadnatur/natura2000/dokument/SE0220343_Bevarandeplan_Askholmen_SE0220343.pdf;ok;5022077
SE0220344;Lövön;SPA/SCI;48.8;253984;Bevarandeplan;Bevarandeplan SE0220344.pdf;application/pdf;https://geodata.naturvardsverket.se/handlingar/rest/dokument/253984;docs/skyddadnatur/natura2000/dokument/SE0220344_Bevarandeplan_Bevarandeplan SE0220344.pdf;ok;4397604
SE0220345;Stenhammars Kohage;SCI;21.0;267303;Bevarandeplan;Stenhammars Kohage_SE0220345.pdf;.pdf;https://geodata.naturvardsverket.se/handlingar/rest/dokument/267303;docs/skyddadnatur/natura2000/dokument/SE0220345_Bevarandeplan_Stenhammars Kohage_SE0220345.pdf;ok;4363177
SE0220346;Hyltingeravinen;SCI;7.8;267277;Bevarandeplan;Hyltingeravinen_SE0220346.pdf;.pdf;https://geodata.naturvardsverket.se/handlingar/rest/dokument/267277;docs/skyddadnatur/natura2000/dokument/SE0220346_Bevarandeplan_Hyltingeravinen_SE0220346.pdf;ok;4236687
SE0220347;Nykärr;SCI;11.2;253985;Bevarandeplan;Bevarandeplan SE0220347.pdf;application/pdf;https://geodata.naturvardsverket.se/handlingar/rest/dokument/253985;docs/skyddadnatur/natura2000/dokument/SE0220347_Bevarandeplan_Bevarandeplan SE0220347.pdf;ok;4291165
SE0220348;Tynnelsö Djurgård;SCI;22.5;295091;Bevarandeplan;Tynnelsö Djurgård_SE0220348.pdf;.pdf;https://geodata.naturvardsverket.se/handlingar/rest/dokument/295091;docs/skyddadnatur/natura2000/dokument/SE0220348_Bevarandeplan_Tynnelsö Djurgård_SE0220348.pdf;ok;4069475
SE0220349;Djupdalshagen;SCI;8.5;253986;Bevarandeplan;Bevarandeplan SE0220349.pdf;application/pdf;https://geodata.naturvardsverket.se/handlingar/rest/dokument/253986;docs/skyddadnatur/natura2000/dokument/SE0220349_Bevarandeplan_Bevarandeplan SE0220349.pdf;ok;4290614
SE0220350;Ljuvalund;SCI;26.2;267285;Bevarandeplan;Ljuvalund_SE0220350.pdf;.pdf;https://geodata.naturvardsverket.se/handlingar/rest/dokument/267285;docs/skyddadnatur/natura2000/dokument/SE0220350_Bevarandeplan_Ljuvalund_SE0220350.pdf;ok;4132828
SE0220351;Djurgården;SCI;8.4;285787;Bevarandeplan;Djurgården_SE0220351.pdf;.pdf;https://geodata.naturvardsverket.se/handlingar/rest/dokument/285787;docs/skyddadnatur/natura2000/dokument/SE0220351_Bevarandeplan_Djurgården_SE0220351.pdf;ok;4060884
SE0220352;Vurstusbacken;SCI;6.4;253987;Bevarandeplan;Bevarandeplan SE0220352.pdf;application/pdf;https://geodata.naturvardsverket.se/handlingar/rest/dokument/253987;docs/skyddadnatur/natura2000/dokument/SE0220352_Bevarandeplan_Bevarandeplan SE0220352.pdf;ok;4266041
SE0220353;Lervik;SCI;9.4;267283;Bevarandeplan;Lervik_SE0220353.pdf;.pdf;https://geodata.naturvardsverket.se/handlingar/rest/dokument/267283;docs/skyddadnatur/natura2000/dokument/SE0220353_Bevarandeplan_Lervik_SE0220353.pdf;ok;4428725
SE0220354;Säbyviken-Bädarn;SCI;15.9;253988;Bevarandeplan;Bevarandeplan SE0220354.pdf;application/pdf;https://geodata.naturvardsverket.se/handlingar/rest/dokument/253988;docs/skyddadnatur/natura2000/dokument/SE0220354_Bevarandeplan_Bevarandeplan SE0220354.pdf;ok;4362110
SE0220356;Masugnsskogen;SCI;14.9;267291;Bevarandeplan;Masugnsskogen_SE0220356.pdf;.pdf;https://geodata.naturvardsverket.se/handlingar/rest/dokument/267291;docs/skyddadnatur/natura2000/dokument/SE0220356_Bevarandeplan_Masugnsskogen_SE0220356.pdf;ok;4044655
SE0220357;Likstammen;SPA/SCI;930.3;267284;Bevarandeplan;Likstammen_SE0220357.pdf;.pdf;https://geodata.naturvardsverket.se/handlingar/rest/dokument/267284;docs/skyddadnatur/natura2000/dokument/SE0220357_Bevarandeplan_Likstammen_SE0220357.pdf;ok;5297695
SE0220358;Skolmästarhagen;SCI;2.0;267300;Bevarandeplan;Skolmästarhagen_SE0220358.pdf;.pdf;https://geodata.naturvardsverket.se/handlingar/rest/dokument/267300;docs/skyddadnatur/natura2000/dokument/SE0220358_Bevarandeplan_Skolmästarhagen_SE0220358.pdf;ok;3825414
SE0220360;Hornskogen;SCI;8.2;267276;Bevarandeplan;Hornskogen_SE0220360.pdf;.pdf;https://geodata.naturvardsverket.se/handlingar/rest/dokument/267276;docs/skyddadnatur/natura2000/dokument/SE0220360_Bevarandeplan_Hornskogen_SE0220360.pdf;ok;3770480
SE0220362;Lögarbäcken;SCI;2.2;267287;Bevarandeplan;Lögarbäcken_SE0220362.pdf;.pdf;https://geodata.naturvardsverket.se/handlingar/rest/dokument/267287;docs/skyddadnatur/natura2000/dokument/SE0220362_Bevarandeplan_Lögarbäcken_SE0220362.pdf;ok;4105174
SE0220363;Lindön;SPA/SCI;257.2;285796;Bevarandeplan;Lindön_SE0220363.pdf;.pdf;https://geodata.naturvardsverket.se/handlingar/rest/dokument/285796;docs/skyddadnatur/natura2000/dokument/SE0220363_Bevarandeplan_Lindön_SE0220363.pdf;ok;4412324
SE0220364;Väsby;SCI;13.6;267316;Bevarandeplan;Väsby_SE0220364.pdf;.pdf;https://geodata.naturvardsverket.se/handlingar/rest/dokument/267316;docs/skyddadnatur/natura2000/dokument/SE0220364_Bevarandeplan_Väsby_SE0220364.pdf;ok;3718065
SE0220367;Tomsängen;SCI;27.7;267307;Bevarandeplan;Tomsängen_SE0220367.pdf;.pdf;https://geodata.naturvardsverket.se/handlingar/rest/dokument/267307;docs/skyddadnatur/natura2000/dokument/SE0220367_Bevarandeplan_Tomsängen_SE0220367.pdf;ok;3890043
SE0220368;Skiren-Kvicken;SCI;128.3;285798;Bevarandeplan;Skiren-Kvicken_SE0220368.pdf;.pdf;https://geodata.naturvardsverket.se/handlingar/rest/dokument/285798;docs/skyddadnatur/natura2000/dokument/SE0220368_Bevarandeplan_Skiren-Kvicken_SE0220368.pdf;ok;5562241
SE0220369;Magsjötorp;SCI;54.4;290281;Bevarandeplan;Magsjötorp_SE0220369.pdf;.pdf;https://geodata.naturvardsverket.se/handlingar/rest/dokument/290281;docs/skyddadnatur/natura2000/dokument/SE0220369_Bevarandeplan_Magsjötorp_SE0220369.pdf;ok;4717454
SE0220370;Tynnelsö-Prästholmen;SCI;27.6;290279;Bevarandeplan;Tynnelsö-Prästholmen_SE0220370.pdf;.pdf;https://geodata.naturvardsverket.se/handlingar/rest/dokument/290279;docs/skyddadnatur/natura2000/dokument/SE0220370_Bevarandeplan_Tynnelsö-Prästholmen_SE0220370.pdf;ok;4304321
SE0220372;Ånga;SCI;1.7;285807;Bevarandeplan;Ånga_SE0220372.pdf;.pdf;https://geodata.naturvardsverket.se/handlingar/rest/dokument/285807;docs/skyddadnatur/natura2000/dokument/SE0220372_Bevarandeplan_Ånga_SE0220372.pdf;ok;4117691
SE0220373;Åboravinen;SCI;15.9;286085;Bevarandeplan;Åboravinen_SE0220373.pdf;.pdf;https://geodata.naturvardsverket.se/handlingar/rest/dokument/286085;docs/skyddadnatur/natura2000/dokument/SE0220373_Bevarandeplan_Åboravinen_SE0220373.pdf;ok;284457
SE0220401;Berga-Lista;SCI;16.4;267266;Bevarandeplan;Berga-Lista_SE0220401.pdf;.pdf;https://geodata.naturvardsverket.se/handlingar/rest/dokument/267266;docs/skyddadnatur/natura2000/dokument/SE0220401_Bevarandeplan_Berga-Lista_SE0220401.pdf;ok;4112154
SE0220402;Karlslundsskogen;SCI;24.4;253989;Bevarandeplan;Bevarandeplan SE0220402.pdf;application/pdf;https://geodata.naturvardsverket.se/handlingar/rest/dokument/253989;docs/skyddadnatur/natura2000/dokument/SE0220402_Bevarandeplan_Bevarandeplan SE0220402.pdf;ok;4395605
SE0220403;Råby-Myrhem;SCI;5.0;295094;Bevarandeplan;Råby-Myrhem_SE0220403.pdf;.pdf;https://geodata.naturvardsverket.se/handlingar/rest/dokument/295094;docs/skyddadnatur/natura2000/dokument/SE0220403_Bevarandeplan_Råby-Myrhem_SE0220403.pdf;ok;3171816
SE0220405;Torparskogen;SCI;15.5;267310;Bevarandeplan;Torparskogen_SE0220405.pdf;.pdf;https://geodata.naturvardsverket.se/handlingar/rest/dokument/267310;docs/skyddadnatur/natura2000/dokument/SE0220405_Bevarandeplan_Torparskogen_SE0220405.pdf;ok;4142386
SE0220408;Haga hage;SCI;22.8;290149;Bevarandeplan;Haga hage_SE0220408.pdf;.pdf;https://geodata.naturvardsverket.se/handlingar/rest/dokument/290149;docs/skyddadnatur/natura2000/dokument/SE0220408_Bevarandeplan_Haga hage_SE0220408.pdf;ok;4917309
SE0220411;Hällesta;SCI;20.0;290276;Bevarandeplan;Hällesta_SE0220411.pdf;.pdf;https://geodata.naturvardsverket.se/handlingar/rest/dokument/290276;docs/skyddadnatur/natura2000/dokument/SE0220411_Bevarandeplan_Hällesta_SE0220411.pdf;ok;5329004
SE0220413;Nytorpsravinen;SCI;10.1;295111;Bevarandeplan;Nytorpsravinen_SE0220413.pdf;.pdf;https://geodata.naturvardsverket.se/handlingar/rest/dokument/295111;docs/skyddadnatur/natura2000/dokument/SE0220413_Bevarandeplan_Nytorpsravinen_SE0220413.pdf;ok;3247177
SE0220414;Stora Brandsbol;SCI;7.1;253990;Bevarandeplan;Bevarandeplan SE0220414.pdf;application/pdf;https://geodata.naturvardsverket.se/handlingar/rest/dokument/253990;docs/skyddadnatur/natura2000/dokument/SE0220414_Bevarandeplan_Bevarandeplan SE0220414.pdf;ok;3506078
SE0220417;Rösätter-Viksätter;SCI;31.5;253991;Bevarandeplan;Bevarandeplan SE0220417.pdf;application/pdf;https://geodata.naturvardsverket.se/handlingar/rest/dokument/253991;docs/skyddadnatur/natura2000/dokument/SE0220417_Bevarandeplan_Bevarandeplan SE0220417.pdf;ok;4562470
SE0220420;Simonsbol;SCI;16.5;253992;Bevarandeplan;Bevarandeplan SE0220420.pdf;application/pdf;https://geodata.naturvardsverket.se/handlingar/rest/dokument/253992;docs/skyddadnatur/natura2000/dokument/SE0220420_Bevarandeplan_Bevarandeplan SE0220420.pdf;ok;3661284
SE0220421;Tornskogen;SCI;25.4;267308;Bevarandeplan;Tornskogen_SE0220421.pdf;.pdf;https://geodata.naturvardsverket.se/handlingar/rest/dokument/267308;docs/skyddadnatur/natura2000/dokument/SE0220421_Bevarandeplan_Tornskogen_SE0220421.pdf;ok;4069440
SE0220425;Valdemarsön;SCI;16.5;267312;Bevarandeplan;Valdemarsön_SE0220425.pdf;.pdf;https://geodata.naturvardsverket.se/handlingar/rest/dokument/267312;docs/skyddadnatur/natura2000/dokument/SE0220425_Bevarandeplan_Valdemarsön_SE0220425.pdf;ok;4182062
SE0220427;Berga Kulle;SCI;32.2;267265;Bevarandeplan;Berga Kulle_SE0220427.pdf;.pdf;https://geodata.naturvardsverket.se/handlingar/rest/dokument/267265;docs/skyddadnatur/natura2000/dokument/SE0220427_Bevarandeplan_Berga Kulle_SE0220427.pdf;ok;4057138
SE0220429;Timmermon;SCI;24.7;290284;Bevarandeplan;Timmermon_SE0220429.pdf;.pdf;https://geodata.naturvardsverket.se/handlingar/rest/dokument/290284;docs/skyddadnatur/natura2000/dokument/SE0220429_Bevarandeplan_Timmermon_SE0220429.pdf;ok;5047162
SE0220431;Femörehuvud;SCI;21.5;285788;Bevarandeplan;Femörehuvud_SE0220431.pdf;.pdf;https://geodata.naturvardsverket.se/handlingar/rest/dokument/285788;docs/skyddadnatur/natura2000/dokument/SE0220431_Bevarandeplan_Femörehuvud_SE0220431.pdf;ok;3882759
SE0220432;Furön;SCI;19.9;253993;Bevarandeplan;Bevarandeplan SE0220432.pdf;application/pdf;https://geodata.naturvardsverket.se/handlingar/rest/dokument/253993;docs/skyddadnatur/natura2000/dokument/SE0220432_Bevarandeplan_Bevarandeplan SE0220432.pdf;ok;4128644
SE0220433;Hasselö-Bergö;SCI;17.8;267272;Bevarandeplan;Hasselö-Bergö_SE0220433.pdf;.pdf;https://geodata.naturvardsverket.se/handlingar/rest/dokument/267272;docs/skyddadnatur/natura2000/dokument/SE0220433_Bevarandeplan_Hasselö-Bergö_SE0220433.pdf;ok;3937896
SE0220434;Bredsjönäs;SCI;4.9;295115;Bevarandeplan;Bredsjönäs_SE0220434.pdf;.pdf;https://geodata.naturvardsverket.se/handlingar/rest/dokument/295115;docs/skyddadnatur/natura2000/dokument/SE0220434_Bevarandeplan_Bredsjönäs_SE0220434.pdf;ok;3266520
SE0220435;Gesta;SCI;28.5;253994;Bevarandeplan;Bevarandeplan SE0220435.pdf;application/pdf;https://geodata.naturvardsverket.se/handlingar/rest/dokument/253994;docs/skyddadnatur/natura2000/dokument/SE0220435_Bevarandeplan_Bevarandeplan SE0220435.pdf;ok;4368636
SE0220438;Åsa gravfält;SCI;6.2;267317;Bevarandeplan;Åsa gravfält_SE0220438.pdf;.pdf;https://geodata.naturvardsverket.se/handlingar/rest/dokument/267317;docs/skyddadnatur/natura2000/dokument/SE0220438_Bevarandeplan_Åsa gravfält_SE0220438.pdf;ok;3833702
SE0220439;Askö;SCI;1526.0;267264;Bevarandeplan;Askö_SE0220439.pdf;.pdf;https://geodata.naturvardsverket.se/handlingar/rest/dokument/267264;docs/skyddadnatur/natura2000/dokument/SE0220439_Bevarandeplan_Askö_SE0220439.pdf;ok;4930536
SE0220440;Borgmästarholmen;SCI;16.7;253995;Bevarandeplan;Bevarandeplan SE0220440.pdf;application/pdf;https://geodata.naturvardsverket.se/handlingar/rest/dokument/253995;docs/skyddadnatur/natura2000/dokument/SE0220440_Bevarandeplan_Bevarandeplan SE0220440.pdf;ok;4282930
SE0220443;Gorsingeholmskullarna;SCI;7.2;253996;Bevarandeplan;Bevarandeplan SE0220443.pdf;application/pdf;https://geodata.naturvardsverket.se/handlingar/rest/dokument/253996;docs/skyddadnatur/natura2000/dokument/SE0220443_Bevarandeplan_Bevarandeplan SE0220443.pdf;ok;4108832
SE0220503;Fjellskäfte;SCI;19.8;253997;Bevarandeplan;Bevarandeplan SE0220503.pdf;application/pdf;https://geodata.naturvardsverket.se/handlingar/rest/dokument/253997;docs/skyddadnatur/natura2000/dokument/SE0220503_Bevarandeplan_Bevarandeplan SE0220503.pdf;ok;4432813
SE0220504;Ormsjöbergen;SCI;46.6;267292;Bevarandeplan;Ormsjöbergen_SE0220504.pdf;.pdf;https://geodata.naturvardsverket.se/handlingar/rest/dokument/267292;docs/skyddadnatur/natura2000/dokument/SE0220504_Bevarandeplan_Ormsjöbergen_SE0220504.pdf;ok;4716720
SE0220505;Varglyan;SCI;40.7;267314;Bevarandeplan;Varglyan_SE0220505.pdf;.pdf;https://geodata.naturvardsverket.se/handlingar/rest/dokument/267314;docs/skyddadnatur/natura2000/dokument/SE0220505_Bevarandeplan_Varglyan_SE0220505.pdf;ok;4737403
SE0220506;Hvalsta;SCI;16.7;278841;Bevarandeplan;Hvalsta_kombiplan.pdf;.pdf;https://geodata.naturvardsverket.se/handlingar/rest/dokument/278841;docs/skyddadnatur/natura2000/dokument/SE0220506_Bevarandeplan_Hvalsta_kombiplan.pdf;ok;5228425
SE0220507;Lundäng;SCI;7.5;253998;Bevarandeplan;Bevarandeplan SE0220507.pdf;application/pdf;https://geodata.naturvardsverket.se/handlingar/rest/dokument/253998;docs/skyddadnatur/natura2000/dokument/SE0220507_Bevarandeplan_Bevarandeplan SE0220507.pdf;ok;4279395
SE0220509;Kråmö;SCI;243.6;285793;Bevarandeplan;Kråmö_SE0220509.pdf;.pdf;https://geodata.naturvardsverket.se/handlingar/rest/dokument/285793;docs/skyddadnatur/natura2000/dokument/SE0220509_Bevarandeplan_Kråmö_SE0220509.pdf;ok;4241154
SE0220511;Södra Lämund;SCI;15.9;253999;Bevarandeplan;Bevarandeplan SE0220511.pdf;application/pdf;https://geodata.naturvardsverket.se/handlingar/rest/dokument/253999;docs/skyddadnatur/natura2000/dokument/SE0220511_Bevarandeplan_Bevarandeplan SE0220511.pdf;ok;4197802
SE0220513;Rinkesta såg;SCI;3.2;290278;Bevarandeplan;Rinkesta såg_SE0220513.pdf;.pdf;https://geodata.naturvardsverket.se/handlingar/rest/dokument/290278;docs/skyddadnatur/natura2000/dokument/SE0220513_Bevarandeplan_Rinkesta såg_SE0220513.pdf;ok;5050291
SE0220514;Hasta;SCI;5.4;254000;Bevarandeplan;Bevarandeplan SE0220514.pdf;application/pdf;https://geodata.naturvardsverket.se/handlingar/rest/dokument/254000;docs/skyddadnatur/natura2000/dokument/SE0220514_Bevarandeplan_Bevarandeplan SE0220514.pdf;ok;4253571
SE0220515;Gorsingelund;SCI;10.0;254001;Bevarandeplan;Bevarandeplan SE0220515.pdf;application/pdf;https://geodata.naturvardsverket.se/handlingar/rest/dokument/254001;docs/skyddadnatur/natura2000/dokument/SE0220515_Bevarandeplan_Bevarandeplan SE0220515.pdf;ok;4196711
SE0220516;Gölet;SCI;5.8;254002;Bevarandeplan;Bevarandeplan SE0220516.pdf;application/pdf;https://geodata.naturvardsverket.se/handlingar/rest/dokument/254002;docs/skyddadnatur/natura2000/dokument/SE0220516_Bevarandeplan_Bevarandeplan SE0220516.pdf;ok;4345184
SE0220517;Rosmossen;SCI;8.7;290277;Bevarandeplan;Rosmossen_SE0220517.pdf;.pdf;https://geodata.naturvardsverket.se/handlingar/rest/dokument/290277;docs/skyddadnatur/natura2000/dokument/SE0220517_Bevarandeplan_Rosmossen_SE0220517.pdf;ok;5137497
SE0220519;Duvtorp;SCI;7.4;254003;Bevarandeplan;Bevarandeplan SE0220519.pdf;application/pdf;https://geodata.naturvardsverket.se/handlingar/rest/dokument/254003;docs/skyddadnatur/natura2000/dokument/SE0220519_Bevarandeplan_Bevarandeplan SE0220519.pdf;ok;4120507
SE0220601;Stenby äng;SCI;23.1;285801;Bevarandeplan;Stenby äng_SE0220601.pdf;.pdf;https://geodata.naturvardsverket.se/handlingar/rest/dokument/285801;docs/skyddadnatur/natura2000/dokument/SE0220601_Bevarandeplan_Stenby äng_SE0220601.pdf;ok;4868561
SE0220602;Vilsta;SCI;406.2;267315;Bevarandeplan;Vilsta_SE0220602.pdf;.pdf;https://geodata.naturvardsverket.se/handlingar/rest/dokument/267315;docs/skyddadnatur/natura2000/dokument/SE0220602_Bevarandeplan_Vilsta_SE0220602.pdf;ok;5173141
SE0220603;Jungfruvassen;SCI;52.3;254004;Bevarandeplan;Bevarandeplan SE0220603.pdf;application/pdf;https://geodata.naturvardsverket.se/handlingar/rest/dokument/254004;docs/skyddadnatur/natura2000/dokument/SE0220603_Bevarandeplan_Bevarandeplan SE0220603.pdf;ok;4487148
SE0220604;Malmaåsen;SCI;3.8;290282;Bevarandeplan;Malmaåsen_SE0220604.pdf;.pdf;https://geodata.naturvardsverket.se/handlingar/rest/dokument/290282;docs/skyddadnatur/natura2000/dokument/SE0220604_Bevarandeplan_Malmaåsen_SE0220604.pdf;ok;5184151
SE0220606;Nästorp;SCI;12.1;254005;Bevarandeplan;Bevarandeplan SE0220606.pdf;application/pdf;https://geodata.naturvardsverket.se/handlingar/rest/dokument/254005;docs/skyddadnatur/natura2000/dokument/SE0220606_Bevarandeplan_Bevarandeplan SE0220606.pdf;ok;4347890
SE0220701;Vedaån;SCI;1.5;254006;Bevarandeplan;Bevarandeplan SE0220701.pdf;application/pdf;https://geodata.naturvardsverket.se/handlingar/rest/dokument/254006;docs/skyddadnatur/natura2000/dokument/SE0220701_Bevarandeplan_Bevarandeplan SE0220701.pdf;ok;4543422
SE0220702;Svärtaån;SCI;5.0;285803;Bevarandeplan;Svärtaån_SE0220702.pdf;.pdf;https://geodata.naturvardsverket.se/handlingar/rest/dokument/285803;docs/skyddadnatur/natura2000/dokument/SE0220702_Bevarandeplan_Svärtaån_SE0220702.pdf;ok;5037617
SE0220703;Sibro;SCI;0.93;286075;Bevarandeplan;Sibro_SE0220703.pdf;.pdf;https://geodata.naturvardsverket.se/handlingar/rest/dokument/286075;docs/skyddadnatur/natura2000/dokument/SE0220703_Bevarandeplan_Sibro_SE0220703.pdf;ok;474719
SE0220704;Risskären;SPA;1368.4783;;;;;;;saknas;0
SE0220706;Hävringe skärgård;SPA;24285.38;;;;;;;saknas;0
